[{"id":"312","field_id":"2","fields":{"1":{"id":"1","type":"email","label":"Email","description":"","size":"large","placeholder":"Enter email address","confirmation_placeholder":"","label_hide":"1","default_value":"","css":"","filter_type":"","allowlist":"","denylist":""}},"settings":{"form_title":"Newsletter Signup Form","form_desc":"","form_class":"","submit_text":"Subscribe","submit_text_processing":"Sending...","submit_class":"","antispam":"1","notification_enable":"1","notifications":{"1":{"email":"{admin_email}","subject":"New Newsletter Signup Form Entry","sender_name":"Personal Portfolio","sender_address":"{admin_email}","replyto":"","message":"{all_fields}"}},"confirmations":{"1":{"type":"message","message":"Thanks for contacting us! We will be in touch with you shortly.","message_scroll":"1","page":"9","redirect":""}}},"meta":{"template":"subscribe"}},{"id":"174","field_id":"3","fields":[{"id":"0","type":"name","label":"Name","format":"simple","description":"","size":"large","simple_placeholder":"Enter your name","simple_default":"","first_placeholder":"First name","first_default":"","middle_placeholder":"","middle_default":"","last_placeholder":"Last name","last_default":"","label_hide":"1","sublabel_hide":"1","css":""},{"id":"1","type":"email","label":"Email","description":"","size":"large","placeholder":"Enter email address","confirmation_placeholder":"","label_hide":"1","default_value":"","css":"","filter_type":"","allowlist":"","denylist":""},{"id":"2","type":"textarea","label":"Comment or Message","description":"","size":"medium","placeholder":"Enter your message","label_hide":"1","limit_enabled":"1","limit_count":"1","limit_mode":"characters","default_value":"","css":""}],"settings":{"form_title":"Simple Contact Form","form_desc":"","form_class":"","submit_text":"Send Message","submit_text_processing":"Sending...","submit_class":"","antispam":"1","notification_enable":"1","notifications":{"1":{"email":"{admin_email}","subject":"New Entry: Simple Contact Form","sender_name":"Personal Portfolio","sender_address":"{admin_email}","replyto":"{field_id=\"1\"}","message":"{all_fields}"}},"confirmations":{"1":{"type":"message","message":"Thanks for contacting us! We will be in touch with you shortly.","message_scroll":"1","page":"9","redirect":""}}},"meta":{"template":"contact"}}]